image_name,angry,disgust,fear,happy,sad,surprise,neutral,sum,positive,negative,outcome
frame_E_1009.jpg,0.1,0.0,0.47,0.0,0.2,0.06,0.17,1.0,0.06,0.77,NG
frame_E_1012.jpg,0.06,0.0,0.28,0.03,0.41,0.08,0.14,1.0,0.11,0.75,NG
frame_E_1042.jpg,0.23,0.01,0.04,0.27,0.1,0.0,0.35,1.0,0.27,0.38,PS
frame_E_1055.jpg,0.13,0.0,0.07,0.05,0.09,0.22,0.43,0.99,0.27,0.29000000000000004,PS
frame_E_1057.jpg,0.0,0.0,0.0,0.0,0.0,0.0,0.0,0.0,0.0,0.0,NO
frame_E_1135.jpg,0.22,0.0,0.39,0.07,0.15,0.02,0.15,1.0,0.09000000000000001,0.76,NG
frame_E_1154.jpg,0.04,0.0,0.0,0.35,0.12,0.01,0.48,1.0,0.36,0.16,PS
frame_E_1163.jpg,0.66,0.0,0.04,0.08,0.2,0.0,0.02,1.0,0.08,0.9000000000000001,NG
frame_E_1204.jpg,0.09,0.01,0.19,0.03,0.3,0.01,0.36,0.9899999999999999,0.04,0.59,NG
frame_E_1205.jpg,0.03,0.0,0.04,0.04,0.07,0.0,0.81,0.9900000000000001,0.04,0.14,NT
frame_E_1247.jpg,0.02,0.0,0.39,0.0,0.11,0.05,0.42,0.99,0.05,0.52,NT
frame_E_1253.jpg,0.2,0.01,0.07,0.01,0.35,0.01,0.35,1.0,0.02,0.63,NG
frame_E_1291.jpg,0.05,0.0,0.01,0.0,0.02,0.01,0.91,1.0,0.01,0.08,NT
frame_E_1300.jpg,0.14,0.0,0.61,0.0,0.04,0.07,0.13,0.9900000000000001,0.07,0.79,NG
frame_E_1311.jpg,0.68,0.0,0.01,0.09,0.12,0.0,0.1,1.0,0.09,0.81,NG
frame_E_1323.jpg,0.0,0.0,0.0,0.0,0.0,0.0,0.0,0.0,0.0,0.0,NO
frame_E_1364.jpg,0.12,0.01,0.11,0.13,0.24,0.17,0.22,1.0,0.30000000000000004,0.48,PS
frame_E_1381.jpg,0.0,0.0,0.0,0.0,0.0,0.0,0.0,0.0,0.0,0.0,NO
frame_E_1395.jpg,0.04,0.0,0.01,0.14,0.08,0.0,0.73,1.0,0.14,0.13,NT
frame_E_1465.jpg,0.0,0.0,0.0,0.0,0.0,0.0,0.0,0.0,0.0,0.0,NO
frame_E_1468.jpg,0.43,0.0,0.12,0.08,0.08,0.08,0.21,0.9999999999999999,0.16,0.63,NG
frame_E_1481.jpg,0.02,0.0,0.07,0.0,0.05,0.0,0.86,1.0,0.0,0.14,NT
frame_E_1484.jpg,0.13,0.0,0.26,0.0,0.25,0.02,0.33,0.99,0.02,0.64,NG
frame_E_1490.jpg,0.16,0.02,0.05,0.01,0.7,0.01,0.05,1.0,0.02,0.9299999999999999,NG
frame_E_1503.jpg,0.54,0.1,0.03,0.2,0.06,0.02,0.04,0.9900000000000002,0.22,0.73,PS
frame_E_1505.jpg,0.03,0.0,0.02,0.01,0.03,0.0,0.91,1.0,0.01,0.08,NT
frame_E_1515.jpg,0.16,0.01,0.17,0.0,0.58,0.0,0.08,0.9999999999999999,0.0,0.9199999999999999,NG
frame_E_1544.jpg,0.07,0.0,0.07,0.74,0.02,0.0,0.1,1.0,0.74,0.16,PS
frame_E_1565.jpg,0.62,0.0,0.16,0.0,0.22,0.0,0.0,1.0,0.0,1.0,NG
frame_E_1571.jpg,0.26,0.0,0.37,0.0,0.09,0.03,0.24,0.99,0.03,0.72,NG
frame_E_1582.jpg,0.19,0.0,0.11,0.38,0.11,0.04,0.18,1.01,0.42,0.41,PS
frame_E_1586.jpg,0.03,0.0,0.11,0.1,0.08,0.13,0.55,1.0,0.23,0.22000000000000003,PS
frame_E_1596.jpg,0.07,0.0,0.58,0.0,0.13,0.07,0.16,1.0099999999999998,0.07,0.7799999999999999,NG
frame_E_1634.jpg,0.01,0.98,0.0,0.0,0.01,0.0,0.0,1.0,0.0,1.0,NG
frame_E_1638.jpg,0.11,0.0,0.02,0.02,0.21,0.02,0.61,0.99,0.04,0.33999999999999997,NT
frame_E_1643.jpg,0.29,0.0,0.04,0.04,0.62,0.0,0.0,0.99,0.04,0.95,NG
frame_E_1673.jpg,0.07,0.04,0.73,0.01,0.12,0.02,0.02,1.01,0.03,0.96,NG
frame_E_1695.jpg,0.13,0.0,0.2,0.11,0.2,0.09,0.27,1.0,0.2,0.53,NG
frame_E_1705.jpg,0.14,0.0,0.54,0.0,0.04,0.05,0.23,1.0000000000000002,0.05,0.7200000000000001,NG
frame_E_1732.jpg,0.23,0.0,0.03,0.01,0.48,0.0,0.24,0.99,0.01,0.74,NG
frame_E_1775.jpg,0.11,0.0,0.13,0.04,0.46,0.01,0.25,1.0,0.05,0.7,NG
frame_E_1784.jpg,0.11,0.0,0.05,0.11,0.58,0.0,0.15,1.0,0.11,0.74,NG
frame_E_1807.jpg,0.07,0.01,0.11,0.67,0.03,0.08,0.03,1.0,0.75,0.22,PS
frame_E_1825.jpg,0.2,0.0,0.04,0.0,0.14,0.01,0.63,1.02,0.01,0.38,NT
frame_E_1843.jpg,0.69,0.01,0.19,0.0,0.11,0.0,0.01,1.0099999999999998,0.0,0.9999999999999999,NG
frame_E_1844.jpg,0.72,0.0,0.05,0.02,0.04,0.08,0.09,1.0,0.1,0.81,NG
frame_E_1865.jpg,0.09,0.01,0.05,0.06,0.6,0.02,0.18,1.01,0.08,0.75,NG
frame_E_1875.jpg,0.25,0.0,0.13,0.0,0.36,0.0,0.24,0.98,0.0,0.74,NG
frame_E_1893.jpg,0.0,0.0,0.0,0.0,0.0,0.0,0.0,0.0,0.0,0.0,NO
frame_E_1899.jpg,0.02,0.0,0.03,0.0,0.09,0.05,0.81,1.0,0.05,0.14,NT
frame_E_1928.jpg,0.25,0.01,0.1,0.0,0.61,0.0,0.02,0.99,0.0,0.97,NG
frame_E_1934.jpg,0.22,0.0,0.08,0.02,0.05,0.24,0.4,1.01,0.26,0.35,PS
frame_E_1979.jpg,0.18,0.0,0.05,0.27,0.47,0.02,0.01,1.0,0.29000000000000004,0.7,PS
frame_E_1987.jpg,0.0,0.0,0.0,0.0,0.0,0.0,0.0,0.0,0.0,0.0,NO
frame_E_2008.jpg,0.0,0.0,0.0,0.0,0.0,0.0,0.0,0.0,0.0,0.0,NO
frame_E_2012.jpg,0.09,0.0,0.54,0.0,0.17,0.05,0.16,1.01,0.05,0.8,NG
frame_E_2024.jpg,0.02,0.01,0.0,0.05,0.82,0.0,0.1,0.9999999999999999,0.05,0.85,NG
frame_E_2037.jpg,0.04,0.0,0.87,0.0,0.02,0.06,0.01,1.0,0.06,0.93,NG
frame_E_2048.jpg,0.06,0.0,0.08,0.0,0.26,0.0,0.6,1.0,0.0,0.4,NT
frame_E_2049.jpg,0.17,0.61,0.06,0.0,0.15,0.0,0.0,0.9900000000000001,0.0,0.9900000000000001,NG
frame_E_2061.jpg,0.11,0.06,0.13,0.0,0.7,0.0,0.0,1.0,0.0,1.0,NG
frame_E_2081.jpg,0.0,0.0,0.0,0.0,0.0,0.0,0.0,0.0,0.0,0.0,NO
frame_E_2109.jpg,0.17,0.0,0.06,0.0,0.14,0.04,0.59,1.0,0.04,0.37,NT
frame_E_2113.jpg,0.16,0.0,0.07,0.0,0.11,0.03,0.63,1.0,0.03,0.34,NT
frame_E_2182.jpg,0.02,0.0,0.02,0.19,0.09,0.64,0.05,1.01,0.8300000000000001,0.13,PS
frame_E_2183.jpg,0.03,0.0,0.08,0.0,0.14,0.01,0.75,1.01,0.01,0.25,NT
frame_E_2185.jpg,0.08,0.0,0.14,0.01,0.57,0.01,0.19,1.0,0.02,0.79,NG
frame_E_2218.jpg,0.12,0.01,0.33,0.0,0.52,0.0,0.01,0.99,0.0,0.98,NG
frame_E_2228.jpg,0.04,0.0,0.02,0.0,0.13,0.0,0.81,1.0,0.0,0.19,NT
frame_E_2231.jpg,0.28,0.0,0.4,0.0,0.16,0.01,0.15,1.0,0.01,0.8400000000000001,NG
frame_E_2236.jpg,0.5,0.0,0.04,0.15,0.09,0.0,0.21,0.99,0.15,0.63,NG
frame_E_2238.jpg,0.08,0.0,0.08,0.08,0.29,0.03,0.44,1.0,0.11,0.44999999999999996,NT
frame_E_2260.jpg,0.16,0.0,0.05,0.61,0.17,0.0,0.01,1.0,0.61,0.38,PS
frame_E_2269.jpg,0.09,0.0,0.09,0.44,0.09,0.02,0.27,1.0,0.46,0.27,PS
frame_E_2302.jpg,0.02,0.0,0.1,0.0,0.2,0.0,0.67,0.99,0.0,0.32,NT
frame_E_2308.jpg,0.17,0.0,0.03,0.0,0.21,0.0,0.59,1.0,0.0,0.41000000000000003,NT
frame_E_2309.jpg,0.37,0.0,0.13,0.0,0.36,0.01,0.13,1.0,0.01,0.86,NG
frame_E_2329.jpg,0.12,0.0,0.08,0.47,0.03,0.01,0.29,1.0,0.48,0.23,PS
frame_E_2331.jpg,0.2,0.0,0.02,0.0,0.05,0.03,0.69,0.99,0.03,0.27,NT
frame_E_2332.jpg,0.0,0.0,0.0,0.0,0.0,0.0,0.0,0.0,0.0,0.0,NO
frame_E_2366.jpg,0.14,0.0,0.12,0.21,0.42,0.01,0.09,0.9899999999999999,0.22,0.6799999999999999,PS
frame_E_2373.jpg,0.14,0.0,0.04,0.27,0.35,0.15,0.05,1.0,0.42000000000000004,0.53,PS
frame_E_2408.jpg,0.58,0.01,0.22,0.0,0.18,0.01,0.0,1.0,0.01,0.99,NG
frame_E_2422.jpg,0.08,0.0,0.51,0.0,0.36,0.02,0.01,0.98,0.02,0.95,NG
frame_E_2439.jpg,0.0,0.0,0.0,0.0,0.0,0.0,0.0,0.0,0.0,0.0,NO
frame_E_2467.jpg,0.0,0.0,0.0,0.0,0.0,0.0,0.0,0.0,0.0,0.0,NO
frame_E_2491.jpg,0.05,0.0,0.26,0.39,0.18,0.01,0.11,0.9999999999999999,0.4,0.49,PS
frame_E_2504.jpg,0.03,0.0,0.06,0.69,0.04,0.14,0.05,1.01,0.83,0.13,PS
frame_E_2510.jpg,0.3,0.01,0.36,0.0,0.24,0.01,0.07,0.99,0.01,0.9099999999999999,NG
frame_E_2553.jpg,0.15,0.0,0.25,0.03,0.38,0.02,0.17,1.0,0.05,0.78,NG
frame_E_2563.jpg,0.04,0.0,0.01,0.07,0.56,0.0,0.31,0.99,0.07,0.6100000000000001,NG
frame_E_2577.jpg,0.62,0.0,0.15,0.04,0.09,0.03,0.06,0.99,0.07,0.86,NG
frame_E_2594.jpg,0.01,0.0,0.04,0.47,0.07,0.35,0.06,1.0,0.82,0.12000000000000001,PS
frame_E_2600.jpg,0.14,0.0,0.02,0.07,0.07,0.0,0.7,1.0,0.07,0.23,NT
frame_E_2607.jpg,0.84,0.0,0.03,0.0,0.09,0.0,0.03,0.99,0.0,0.96,NG
frame_E_2648.jpg,0.23,0.0,0.12,0.0,0.16,0.02,0.47,1.0,0.02,0.51,NT
frame_E_2659.jpg,0.03,0.0,0.06,0.02,0.04,0.14,0.71,1.0,0.16,0.13,NT
frame_E_2676.jpg,0.04,0.0,0.03,0.0,0.07,0.0,0.86,1.0,0.0,0.14,NT
frame_E_2681.jpg,0.05,0.0,0.12,0.0,0.16,0.02,0.65,1.0,0.02,0.32999999999999996,NT
frame_E_2709.jpg,0.03,0.01,0.01,0.78,0.03,0.0,0.14,1.0,0.78,0.08,PS
frame_E_2710.jpg,0.04,0.0,0.05,0.0,0.08,0.0,0.81,0.98,0.0,0.16999999999999998,NT
frame_E_2715.jpg,0.07,0.0,0.3,0.0,0.13,0.05,0.45,1.0,0.05,0.5,NT
frame_E_2716.jpg,0.04,0.0,0.02,0.02,0.02,0.02,0.89,1.01,0.04,0.08,NT
frame_E_2742.jpg,0.05,0.0,0.17,0.0,0.32,0.0,0.45,0.99,0.0,0.54,NT
frame_E_2756.jpg,0.14,0.0,0.08,0.03,0.7,0.0,0.05,1.0,0.03,0.9199999999999999,NG
frame_E_2766.jpg,0.11,0.0,0.0,0.0,0.19,0.0,0.69,0.99,0.0,0.3,NT
frame_E_2770.jpg,0.09,0.0,0.01,0.01,0.16,0.0,0.72,0.99,0.01,0.26,NT
frame_E_2787.jpg,0.11,0.0,0.13,0.04,0.15,0.01,0.55,0.99,0.05,0.39,NT
frame_E_2789.jpg,0.19,0.0,0.12,0.21,0.09,0.02,0.38,1.01,0.22999999999999998,0.4,PS
frame_E_2796.jpg,0.28,0.05,0.1,0.08,0.19,0.01,0.29,1.0,0.09,0.6200000000000001,NG
frame_E_2829.jpg,0.27,0.02,0.11,0.01,0.55,0.0,0.05,1.01,0.01,0.9500000000000001,NG
frame_E_2850.jpg,0.13,0.0,0.06,0.56,0.06,0.09,0.1,1.0,0.65,0.25,PS
frame_E_2871.jpg,0.57,0.0,0.07,0.0,0.3,0.0,0.06,1.0,0.0,0.94,NG
frame_E_2881.jpg,0.64,0.0,0.02,0.0,0.32,0.0,0.01,0.99,0.0,0.98,NG
frame_E_2897.jpg,0.68,0.0,0.09,0.0,0.13,0.0,0.1,1.0,0.0,0.9,NG
frame_E_2929.jpg,0.1,0.01,0.17,0.05,0.31,0.06,0.29,0.99,0.11,0.5900000000000001,NG
frame_E_2938.jpg,0.13,0.0,0.33,0.0,0.48,0.0,0.05,0.99,0.0,0.94,NG
frame_E_2943.jpg,0.1,0.0,0.59,0.0,0.09,0.06,0.16,0.9999999999999999,0.06,0.7799999999999999,NG
frame_E_2945.jpg,0.0,0.0,0.0,0.0,0.0,0.0,0.0,0.0,0.0,0.0,NO
frame_E_2965.jpg,0.0,0.0,0.0,0.95,0.0,0.03,0.01,0.99,0.98,0.0,PS
frame_E_2974.jpg,0.36,0.0,0.19,0.0,0.13,0.17,0.16,1.01,0.17,0.68,NG
frame_E_2984.jpg,0.1,0.0,0.11,0.0,0.56,0.0,0.22,0.99,0.0,0.77,NG
frame_E_2994.jpg,0.15,0.0,0.04,0.0,0.79,0.0,0.01,0.99,0.0,0.98,NG
frame_E_3013.jpg,0.39,0.0,0.01,0.0,0.23,0.0,0.37,1.0,0.0,0.63,NG
frame_E_3023.jpg,0.06,0.0,0.05,0.19,0.2,0.12,0.39,1.01,0.31,0.31,PS
frame_E_3030.jpg,0.22,0.0,0.04,0.36,0.21,0.0,0.17,1.0,0.36,0.47,PS
frame_E_3057.jpg,0.05,0.01,0.12,0.01,0.53,0.02,0.26,1.0,0.03,0.71,NG
frame_E_3058.jpg,0.3,0.0,0.19,0.23,0.19,0.01,0.08,0.9999999999999999,0.24000000000000002,0.6799999999999999,PS
frame_E_3059.jpg,0.19,0.0,0.08,0.37,0.05,0.17,0.15,1.01,0.54,0.32,PS
frame_E_3072.jpg,0.07,0.02,0.49,0.06,0.3,0.03,0.03,1.0,0.09,0.8799999999999999,NG
frame_E_3078.jpg,0.13,0.03,0.63,0.08,0.08,0.02,0.01,0.98,0.1,0.87,NG
frame_E_3102.jpg,0.04,0.0,0.1,0.0,0.14,0.0,0.72,1.0,0.0,0.28,NT
frame_E_3109.jpg,0.28,0.0,0.07,0.21,0.26,0.05,0.14,1.0100000000000002,0.26,0.6100000000000001,PS
frame_E_3114.jpg,0.66,0.0,0.03,0.0,0.3,0.0,0.0,0.99,0.0,0.99,NG
frame_E_3116.jpg,0.12,0.0,0.03,0.0,0.27,0.01,0.57,1.0,0.01,0.42000000000000004,NT
frame_E_3154.jpg,0.07,0.0,0.1,0.0,0.15,0.0,0.68,1.0,0.0,0.32,NT
frame_E_3174.jpg,0.0,0.0,0.0,0.0,0.0,0.0,0.0,0.0,0.0,0.0,NO
frame_E_3176.jpg,0.25,0.0,0.18,0.46,0.06,0.01,0.05,1.01,0.47000000000000003,0.49,PS
frame_E_3178.jpg,0.04,0.0,0.03,0.0,0.16,0.0,0.78,1.01,0.0,0.23,NT
frame_E_3197.jpg,0.22,0.0,0.36,0.0,0.18,0.06,0.17,0.9900000000000001,0.06,0.76,NG
frame_E_3203.jpg,0.38,0.0,0.16,0.09,0.28,0.01,0.08,1.0,0.09999999999999999,0.8200000000000001,NG
frame_E_3245.jpg,0.27,0.0,0.05,0.05,0.62,0.0,0.01,1.0,0.05,0.94,NG
frame_E_3320.jpg,0.32,0.01,0.18,0.01,0.25,0.15,0.08,1.0,0.16,0.76,NG
frame_E_3329.jpg,0.01,0.0,0.01,0.95,0.01,0.01,0.01,1.0,0.96,0.03,PS
frame_E_3359.jpg,0.37,0.07,0.1,0.04,0.27,0.05,0.1,1.0000000000000002,0.09,0.81,NG
frame_E_3362.jpg,0.04,0.0,0.02,0.1,0.21,0.0,0.63,1.0,0.1,0.27,NT
frame_E_3394.jpg,0.43,0.0,0.05,0.0,0.52,0.0,0.0,1.0,0.0,1.0,NG
frame_E_3477.jpg,0.01,0.0,0.02,0.01,0.03,0.05,0.89,1.01,0.060000000000000005,0.06,NT
frame_E_3479.jpg,0.16,0.0,0.08,0.01,0.33,0.02,0.4,1.0,0.03,0.5700000000000001,NG
frame_E_3494.jpg,0.14,0.0,0.32,0.07,0.19,0.06,0.22,1.0,0.13,0.65,NG
frame_E_3501.jpg,0.23,0.0,0.04,0.6,0.1,0.0,0.02,0.99,0.6,0.37,PS
frame_E_3538.jpg,0.0,0.0,0.0,0.0,0.0,0.0,0.0,0.0,0.0,0.0,NO
frame_E_3552.jpg,0.29,0.0,0.12,0.0,0.56,0.01,0.02,1.0,0.01,0.97,NG
frame_E_3576.jpg,0.31,0.0,0.11,0.0,0.34,0.01,0.23,1.0,0.01,0.76,NG
frame_E_3605.jpg,0.05,0.0,0.09,0.3,0.16,0.17,0.21,0.98,0.47,0.30000000000000004,PS
frame_E_3612.jpg,0.11,0.0,0.27,0.01,0.31,0.14,0.15,0.99,0.15000000000000002,0.69,NG
frame_E_3659.jpg,0.11,0.0,0.05,0.01,0.03,0.0,0.81,1.01,0.01,0.19,NT
frame_E_3664.jpg,0.44,0.02,0.18,0.01,0.2,0.04,0.11,1.0000000000000002,0.05,0.8400000000000001,NG
frame_E_3689.jpg,0.04,0.0,0.02,0.23,0.04,0.0,0.67,1.0,0.23,0.1,PS
frame_E_3696.jpg,0.09,0.0,0.06,0.45,0.09,0.04,0.26,0.99,0.49,0.24,PS
frame_E_3747.jpg,0.25,0.03,0.09,0.0,0.6,0.0,0.02,0.99,0.0,0.97,NG
frame_E_3763.jpg,0.0,0.0,0.0,0.0,0.0,0.0,0.0,0.0,0.0,0.0,NO
frame_E_3792.jpg,0.11,0.0,0.04,0.67,0.05,0.01,0.12,1.0,0.68,0.2,PS
frame_E_3798.jpg,0.24,0.0,0.07,0.0,0.21,0.0,0.48,1.0,0.0,0.52,NT
frame_E_3809.jpg,0.14,0.0,0.01,0.58,0.06,0.0,0.2,0.99,0.58,0.21000000000000002,PS
frame_E_3817.jpg,0.33,0.06,0.14,0.0,0.45,0.01,0.0,0.99,0.01,0.98,NG
frame_E_3834.jpg,0.09,0.0,0.02,0.0,0.12,0.01,0.76,1.0,0.01,0.22999999999999998,NT
frame_E_3839.jpg,0.0,0.0,0.0,0.98,0.01,0.0,0.01,1.0,0.98,0.01,PS
frame_E_3855.jpg,0.01,0.0,0.0,0.03,0.01,0.0,0.94,0.99,0.03,0.02,NT
frame_E_3857.jpg,0.26,0.0,0.04,0.07,0.18,0.15,0.31,1.01,0.22,0.48,PS
frame_E_3874.jpg,0.22,0.0,0.04,0.62,0.1,0.01,0.02,1.01,0.63,0.36,PS
frame_E_3890.jpg,0.4,0.0,0.19,0.19,0.16,0.01,0.05,1.0,0.2,0.7500000000000001,NG
frame_E_3947.jpg,0.11,0.0,0.7,0.0,0.04,0.08,0.07,1.0,0.08,0.85,NG
frame_E_3963.jpg,0.11,0.0,0.16,0.0,0.34,0.01,0.38,1.0,0.01,0.6100000000000001,NG
frame_E_3967.jpg,0.14,0.0,0.53,0.0,0.01,0.29,0.02,0.99,0.29,0.68,PS
frame_E_3970.jpg,0.01,0.0,0.12,0.0,0.12,0.01,0.74,1.0,0.01,0.25,NT
frame_E_3992.jpg,0.0,0.0,0.0,0.0,0.0,0.0,0.0,0.0,0.0,0.0,NO
frame_E_4016.jpg,0.04,0.02,0.74,0.05,0.1,0.03,0.02,1.0,0.08,0.9,NG
frame_E_4025.jpg,0.19,0.01,0.56,0.0,0.24,0.0,0.0,1.0,0.0,1.0,NG
frame_E_4035.jpg,0.11,0.0,0.69,0.0,0.11,0.05,0.03,0.99,0.05,0.9099999999999999,NG
frame_E_4054.jpg,0.09,0.0,0.11,0.01,0.55,0.12,0.11,0.99,0.13,0.75,NG
frame_E_4062.jpg,0.14,0.0,0.09,0.0,0.46,0.01,0.29,0.99,0.01,0.6900000000000001,NG
frame_E_4119.jpg,0.0,0.0,0.0,0.0,0.0,0.0,0.0,0.0,0.0,0.0,NO
frame_E_4120.jpg,0.28,0.0,0.33,0.0,0.27,0.07,0.06,1.0100000000000002,0.07,0.8800000000000001,NG
frame_E_4148.jpg,0.05,0.0,0.02,0.0,0.18,0.0,0.75,1.0,0.0,0.25,NT
frame_E_4186.jpg,0.52,0.0,0.14,0.01,0.04,0.04,0.26,1.0100000000000002,0.05,0.7000000000000001,NG
frame_E_4187.jpg,0.76,0.0,0.07,0.0,0.17,0.0,0.0,1.0,0.0,1.0,NG
frame_E_4197.jpg,0.22,0.0,0.22,0.01,0.18,0.09,0.27,0.99,0.09999999999999999,0.62,NG
frame_E_4208.jpg,0.24,0.62,0.04,0.0,0.09,0.0,0.0,0.99,0.0,0.99,NG
frame_E_4213.jpg,0.2,0.0,0.35,0.01,0.22,0.07,0.15,1.0,0.08,0.77,NG
frame_E_4228.jpg,0.46,0.01,0.3,0.0,0.14,0.05,0.04,1.0,0.05,0.91,NG
frame_E_4230.jpg,0.07,0.0,0.03,0.0,0.12,0.01,0.77,1.0,0.01,0.22,NT
frame_E_4281.jpg,0.01,0.01,0.13,0.37,0.2,0.25,0.05,1.02,0.62,0.35,PS
frame_E_4282.jpg,0.07,0.0,0.03,0.67,0.03,0.01,0.19,1.0,0.68,0.13,PS
frame_E_4284.jpg,0.17,0.0,0.06,0.01,0.34,0.01,0.41,1.0,0.02,0.5700000000000001,NT
frame_E_4296.jpg,0.03,0.0,0.01,0.01,0.08,0.01,0.85,0.99,0.02,0.12,NT
frame_E_4297.jpg,0.0,0.0,0.0,0.0,0.0,0.0,0.0,0.0,0.0,0.0,NO
frame_E_4302.jpg,0.07,0.0,0.16,0.01,0.12,0.09,0.55,1.0,0.09999999999999999,0.35,NT
frame_E_4326.jpg,0.25,0.0,0.14,0.01,0.39,0.01,0.2,1.0,0.02,0.78,NG
frame_E_4371.jpg,0.08,0.0,0.02,0.01,0.05,0.0,0.84,1.0,0.01,0.15000000000000002,NT
frame_E_4373.jpg,0.09,0.0,0.05,0.0,0.45,0.0,0.4,0.9900000000000001,0.0,0.5900000000000001,NG
frame_E_4390.jpg,0.18,0.0,0.04,0.02,0.42,0.01,0.32,0.99,0.03,0.64,NG
frame_E_4397.jpg,0.03,0.0,0.04,0.14,0.2,0.02,0.56,0.9900000000000001,0.16,0.27,NT
frame_E_4405.jpg,0.11,0.0,0.62,0.02,0.22,0.0,0.02,0.99,0.02,0.95,NG
frame_E_4418.jpg,0.05,0.0,0.2,0.02,0.37,0.05,0.31,1.0,0.07,0.62,NG
frame_E_4457.jpg,0.19,0.0,0.17,0.0,0.52,0.09,0.02,0.99,0.09,0.88,NG
frame_E_4465.jpg,0.34,0.03,0.06,0.02,0.25,0.0,0.31,1.01,0.02,0.6799999999999999,NG
frame_E_4469.jpg,0.07,0.0,0.13,0.03,0.26,0.03,0.48,1.0,0.06,0.46,NT
frame_E_4472.jpg,0.31,0.01,0.01,0.01,0.48,0.0,0.18,1.0,0.01,0.81,NG
frame_E_4484.jpg,0.27,0.0,0.06,0.17,0.13,0.0,0.37,1.0,0.17,0.46,
frame_E_4490.jpg,0.02,0.0,0.12,0.18,0.31,0.31,0.06,1.0,0.49,0.44999999999999996,PS
frame_E_4497.jpg,0.41,0.1,0.06,0.24,0.07,0.03,0.09,1.0000000000000002,0.27,0.6400000000000001,PS
frame_E_4546.jpg,0.11,0.0,0.14,0.02,0.35,0.03,0.35,1.0,0.05,0.6,NG
frame_E_4554.jpg,0.23,0.0,0.06,0.01,0.12,0.03,0.56,1.0100000000000002,0.04,0.41000000000000003,NT
frame_E_4566.jpg,0.0,0.0,0.0,0.0,0.0,0.0,0.0,0.0,0.0,0.0,NO
frame_E_4576.jpg,0.14,0.01,0.1,0.02,0.17,0.01,0.55,1.0,0.03,0.42000000000000004,NT
frame_E_4595.jpg,0.23,0.0,0.1,0.0,0.62,0.0,0.05,1.0,0.0,0.95,NG
frame_E_4600.jpg,0.08,0.0,0.05,0.0,0.28,0.0,0.59,1.0,0.0,0.41000000000000003,NT
frame_E_4625.jpg,0.36,0.0,0.04,0.0,0.12,0.0,0.47,0.99,0.0,0.52,NT
frame_E_4631.jpg,0.06,0.0,0.15,0.0,0.64,0.02,0.13,1.0,0.02,0.85,NG
frame_E_4635.jpg,0.2,0.0,0.28,0.17,0.13,0.04,0.18,1.0,0.21000000000000002,0.6100000000000001,PS
frame_E_4640.jpg,0.03,0.0,0.14,0.0,0.15,0.0,0.68,1.0,0.0,0.32,NT
frame_E_4671.jpg,0.09,0.0,0.06,0.01,0.05,0.01,0.8,1.02,0.02,0.2,NT
frame_E_4702.jpg,0.67,0.0,0.04,0.07,0.19,0.0,0.02,0.99,0.07,0.9000000000000001,NG
frame_E_4715.jpg,0.09,0.0,0.31,0.06,0.52,0.0,0.02,1.0,0.06,0.92,NG
frame_E_4735.jpg,0.48,0.0,0.11,0.11,0.18,0.01,0.12,1.0099999999999998,0.12,0.77,NG
frame_E_4749.jpg,0.56,0.0,0.05,0.06,0.31,0.0,0.03,1.0100000000000002,0.06,0.9200000000000002,NG
frame_E_4755.jpg,0.24,0.0,0.08,0.0,0.51,0.01,0.17,1.01,0.01,0.8300000000000001,NG
frame_E_4766.jpg,0.4,0.0,0.13,0.0,0.12,0.03,0.33,1.01,0.03,0.65,NG
frame_E_4777.jpg,0.07,0.0,0.11,0.0,0.05,0.08,0.7,1.01,0.08,0.22999999999999998,NT
frame_E_4797.jpg,0.12,0.0,0.66,0.0,0.03,0.16,0.03,1.0,0.16,0.81,NG
frame_E_4820.jpg,0.04,0.0,0.14,0.0,0.34,0.01,0.47,1.0,0.01,0.52,NT
frame_E_4837.jpg,0.12,0.0,0.17,0.06,0.25,0.01,0.4,1.0100000000000002,0.06999999999999999,0.54,NG
frame_E_4842.jpg,0.04,0.01,0.11,0.01,0.48,0.02,0.34,1.01,0.03,0.64,NG
frame_E_4849.jpg,0.08,0.0,0.06,0.01,0.16,0.02,0.68,1.0100000000000002,0.03,0.30000000000000004,NT
frame_E_4858.jpg,0.19,0.0,0.31,0.05,0.24,0.03,0.19,1.01,0.08,0.74,NG
frame_E_4932.jpg,0.3,0.0,0.06,0.0,0.25,0.0,0.38,0.99,0.0,0.61,NG
frame_E_4939.jpg,0.88,0.0,0.03,0.0,0.06,0.0,0.02,0.99,0.0,0.97,NG
frame_E_4945.jpg,0.09,0.0,0.04,0.01,0.2,0.08,0.58,1.0,0.09,0.33,NT
frame_E_4946.jpg,0.27,0.01,0.15,0.21,0.13,0.0,0.23,1.0,0.21,0.56,PS
frame_E_4984.jpg,0.19,0.0,0.06,0.0,0.56,0.0,0.18,0.99,0.0,0.81,NG
frame_E_4995.jpg,0.26,0.01,0.44,0.0,0.2,0.02,0.07,1.0,0.02,0.9099999999999999,NG
frame_E_5025.jpg,0.22,0.0,0.02,0.04,0.28,0.01,0.42,0.99,0.05,0.52,NT
frame_E_5039.jpg,0.4,0.0,0.23,0.01,0.15,0.14,0.08,1.01,0.15000000000000002,0.78,NG
frame_E_5046.jpg,0.49,0.0,0.03,0.0,0.48,0.0,0.0,1.0,0.0,1.0,NG
frame_E_5088.jpg,0.06,0.0,0.1,0.0,0.27,0.0,0.57,1.0,0.0,0.43000000000000005,NT
frame_E_5104.jpg,0.18,0.0,0.04,0.39,0.1,0.01,0.29,1.01,0.4,0.32,PS
frame_E_5113.jpg,0.34,0.02,0.04,0.4,0.12,0.02,0.07,1.01,0.42000000000000004,0.52,PS
frame_E_5119.jpg,0.23,0.0,0.27,0.0,0.2,0.07,0.24,1.01,0.07,0.7,NG
frame_E_5132.jpg,0.19,0.0,0.04,0.61,0.13,0.0,0.03,1.0,0.61,0.36,PS
frame_E_5145.jpg,0.16,0.0,0.01,0.02,0.05,0.0,0.75,0.99,0.02,0.22000000000000003,NT
frame_E_5162.jpg,0.03,0.0,0.0,0.06,0.02,0.0,0.89,1.0,0.06,0.05,NT
frame_E_5200.jpg,0.08,0.0,0.06,0.18,0.09,0.03,0.56,1.0,0.21,0.23,PS
frame_E_5214.jpg,0.15,0.01,0.09,0.04,0.53,0.01,0.16,0.9900000000000001,0.05,0.78,NG
frame_E_5247.jpg,0.84,0.0,0.03,0.0,0.07,0.0,0.06,1.0,0.0,0.94,NG
frame_E_5272.jpg,0.0,0.0,0.0,0.0,0.0,0.0,0.0,0.0,0.0,0.0,NO
frame_E_5295.jpg,0.34,0.0,0.19,0.0,0.28,0.02,0.17,1.0,0.02,0.81,NG
frame_E_5317.jpg,0.06,0.0,0.0,0.0,0.3,0.0,0.65,1.01,0.0,0.36,NT
frame_E_5332.jpg,0.08,0.0,0.07,0.66,0.02,0.01,0.16,1.0,0.67,0.17,PS
frame_E_5370.jpg,0.31,0.0,0.12,0.09,0.4,0.04,0.03,0.9900000000000001,0.13,0.8300000000000001,NG
frame_E_5444.jpg,0.16,0.0,0.07,0.18,0.36,0.01,0.22,1.0,0.19,0.59,NG
frame_E_5465.jpg,0.36,0.0,0.25,0.0,0.13,0.03,0.23,1.0,0.03,0.74,NG
frame_E_5498.jpg,0.44,0.05,0.03,0.29,0.1,0.02,0.08,1.01,0.31,0.62,PS
frame_E_5536.jpg,0.0,0.0,0.0,0.0,0.0,0.0,0.0,0.0,0.0,0.0,NO
frame_E_5587.jpg,0.03,0.0,0.04,0.02,0.03,0.12,0.77,1.01,0.13999999999999999,0.1,NT
frame_E_5600.jpg,0.14,0.01,0.22,0.12,0.15,0.14,0.22,1.0,0.26,0.52,PS
frame_E_5602.jpg,0.0,0.0,0.0,0.0,0.0,0.0,0.0,0.0,0.0,0.0,NO
frame_E_5630.jpg,0.4,0.16,0.32,0.06,0.05,0.01,0.0,1.0000000000000002,0.06999999999999999,0.9300000000000002,NG
frame_E_5644.jpg,0.07,0.0,0.05,0.01,0.14,0.02,0.71,1.0,0.03,0.26,NT
frame_E_5661.jpg,0.02,0.0,0.05,0.02,0.04,0.17,0.69,0.99,0.19,0.11000000000000001,NT
frame_E_5675.jpg,0.27,0.01,0.15,0.0,0.36,0.0,0.21,1.0,0.0,0.79,NG
frame_E_5698.jpg,0.03,0.0,0.02,0.84,0.02,0.08,0.01,1.0,0.9199999999999999,0.07,PS
frame_E_5717.jpg,0.0,0.0,0.0,0.0,0.0,0.0,0.0,0.0,0.0,0.0,NO
frame_E_5747.jpg,0.2,0.0,0.13,0.0,0.16,0.01,0.51,1.01,0.01,0.49,NT
frame_E_5749.jpg,0.19,0.0,0.06,0.0,0.17,0.02,0.56,1.0,0.02,0.42000000000000004,NT
frame_E_5755.jpg,0.08,0.0,0.15,0.02,0.37,0.2,0.18,1.0,0.22,0.6,PS
frame_E_5773.jpg,0.62,0.0,0.05,0.01,0.08,0.01,0.24,1.01,0.02,0.75,NG
frame_E_5778.jpg,0.04,0.01,0.21,0.1,0.12,0.19,0.35,1.02,0.29000000000000004,0.38,PS
frame_E_5837.jpg,0.04,0.0,0.18,0.01,0.53,0.06,0.18,1.0,0.06999999999999999,0.75,NG
frame_E_5851.jpg,0.26,0.0,0.29,0.0,0.26,0.05,0.13,0.9900000000000001,0.05,0.81,NG
frame_E_5856.jpg,0.17,0.0,0.62,0.0,0.16,0.04,0.02,1.01,0.04,0.9500000000000001,NG
frame_E_5861.jpg,0.67,0.0,0.28,0.02,0.01,0.0,0.01,0.9900000000000001,0.02,0.9600000000000001,NG
frame_E_5878.jpg,0.03,0.0,0.0,0.16,0.01,0.0,0.8,1.0,0.16,0.04,NT
frame_E_5922.jpg,0.08,0.0,0.03,0.51,0.03,0.03,0.31,0.99,0.54,0.14,PS
frame_E_5947.jpg,0.07,0.0,0.13,0.0,0.38,0.0,0.43,1.01,0.0,0.5800000000000001,NT
frame_E_5949.jpg,0.02,0.0,0.03,0.0,0.16,0.02,0.76,0.99,0.02,0.21000000000000002,NT
frame_E_5966.jpg,0.87,0.01,0.03,0.0,0.08,0.0,0.0,0.99,0.0,0.99,NG
frame_E_5989.jpg,0.09,0.0,0.05,0.01,0.72,0.0,0.14,1.01,0.01,0.86,NG
frame_E_5990.jpg,0.12,0.0,0.06,0.54,0.03,0.01,0.24,1.0,0.55,0.21,PS
frame_E_6007.jpg,0.38,0.0,0.05,0.02,0.47,0.0,0.08,0.9999999999999999,0.02,0.8999999999999999,NG
frame_E_6032.jpg,0.17,0.0,0.07,0.0,0.1,0.08,0.59,1.01,0.08,0.34,NT
frame_E_6041.jpg,0.12,0.0,0.12,0.0,0.73,0.01,0.01,0.99,0.01,0.97,NG
frame_E_6044.jpg,0.03,0.0,0.63,0.0,0.01,0.32,0.01,1.0,0.32,0.67,PS
frame_E_6067.jpg,0.09,0.0,0.17,0.13,0.35,0.09,0.17,1.0,0.22,0.61,PS
frame_E_6099.jpg,0.65,0.0,0.22,0.0,0.12,0.0,0.0,0.99,0.0,0.99,NG
frame_E_6125.jpg,0.0,0.0,0.0,0.0,0.0,0.0,0.0,0.0,0.0,0.0,NO
frame_E_6141.jpg,0.06,0.0,0.35,0.0,0.53,0.01,0.05,1.0,0.01,0.94,NG
frame_E_6171.jpg,0.0,0.0,0.0,0.0,0.0,0.0,0.0,0.0,0.0,0.0,NO
frame_E_6194.jpg,0.25,0.07,0.24,0.0,0.44,0.0,0.0,1.0,0.0,1.0,NG
frame_E_6211.jpg,0.71,0.0,0.16,0.0,0.12,0.0,0.0,0.99,0.0,0.99,NG
frame_E_6219.jpg,0.15,0.0,0.06,0.64,0.05,0.0,0.09,0.99,0.64,0.26,PS
frame_E_6226.jpg,0.36,0.0,0.17,0.33,0.09,0.01,0.04,1.0,0.34,0.62,PS
frame_E_6229.jpg,0.32,0.0,0.45,0.0,0.2,0.0,0.03,1.0,0.0,0.97,NG
frame_E_6321.jpg,0.06,0.0,0.67,0.0,0.15,0.11,0.01,1.0,0.11,0.88,NG
frame_E_6345.jpg,0.05,0.0,0.0,0.0,0.07,0.0,0.87,0.99,0.0,0.12000000000000001,NT
frame_E_6384.jpg,0.33,0.0,0.21,0.0,0.3,0.09,0.06,0.99,0.09,0.8400000000000001,NG
frame_E_6403.jpg,0.04,0.0,0.09,0.26,0.36,0.03,0.21,0.99,0.29000000000000004,0.49,PS
frame_E_6413.jpg,0.1,0.0,0.3,0.01,0.09,0.05,0.44,0.99,0.060000000000000005,0.49,NT
frame_E_6439.jpg,0.29,0.0,0.1,0.03,0.15,0.01,0.42,1.0,0.04,0.54,NT
frame_E_6456.jpg,0.0,0.0,0.0,0.0,0.0,0.0,0.0,0.0,0.0,0.0,NO
frame_E_6460.jpg,0.19,0.06,0.51,0.08,0.1,0.04,0.02,1.0,0.12,0.86,NG
frame_E_6474.jpg,0.04,0.0,0.0,0.0,0.02,0.0,0.93,0.99,0.0,0.06,NT
frame_E_6530.jpg,0.41,0.01,0.15,0.02,0.25,0.02,0.15,1.01,0.04,0.82,NG
frame_E_6543.jpg,0.11,0.0,0.02,0.0,0.06,0.02,0.79,1.0,0.02,0.19,NT
frame_E_6585.jpg,0.07,0.01,0.02,0.55,0.16,0.05,0.14,1.0,0.6000000000000001,0.26,PS
frame_E_6597.jpg,0.14,0.0,0.23,0.28,0.21,0.02,0.12,1.0,0.30000000000000004,0.58,PS
frame_E_6600.jpg,0.26,0.0,0.04,0.0,0.25,0.02,0.43,1.0,0.02,0.55,NT
frame_E_6602.jpg,0.5,0.0,0.06,0.0,0.15,0.03,0.26,1.0,0.03,0.7100000000000001,NG
frame_E_6613.jpg,0.23,0.0,0.55,0.02,0.16,0.0,0.03,0.9900000000000001,0.02,0.9400000000000001,NG
frame_E_6643.jpg,0.0,0.0,0.0,0.0,0.0,0.0,0.0,0.0,0.0,0.0,NO
frame_E_6654.jpg,0.0,0.0,0.0,0.0,0.0,0.0,0.0,0.0,0.0,0.0,NO
frame_E_6669.jpg,0.05,0.0,0.17,0.0,0.73,0.0,0.05,1.0,0.0,0.95,NG
frame_E_6701.jpg,0.03,0.0,0.09,0.02,0.54,0.01,0.31,1.0,0.03,0.66,NG
frame_E_6706.jpg,0.12,0.0,0.08,0.12,0.11,0.02,0.55,1.0,0.13999999999999999,0.31,NT
frame_E_6707.jpg,0.43,0.0,0.05,0.07,0.09,0.01,0.35,1.0,0.08,0.57,NG
frame_E_6724.jpg,0.0,0.0,0.0,0.0,0.0,0.0,0.0,0.0,0.0,0.0,NO
frame_E_6728.jpg,0.07,0.0,0.02,0.0,0.15,0.0,0.76,1.0,0.0,0.24,NT
frame_E_6736.jpg,0.0,0.0,0.0,0.0,0.0,0.0,0.0,0.0,0.0,0.0,NO
frame_E_6743.jpg,0.08,0.0,0.49,0.0,0.31,0.07,0.05,1.0,0.07,0.8799999999999999,NG
frame_E_6775.jpg,0.21,0.0,0.18,0.0,0.27,0.01,0.34,1.01,0.01,0.66,NG
frame_E_6834.jpg,0.0,0.0,0.0,0.0,0.0,0.0,0.0,0.0,0.0,0.0,NO
frame_E_6835.jpg,0.09,0.0,0.06,0.03,0.11,0.2,0.5,0.99,0.23,0.26,PS
frame_E_6839.jpg,0.26,0.0,0.12,0.54,0.04,0.01,0.03,1.0,0.55,0.42,PS
frame_E_6854.jpg,0.35,0.0,0.11,0.07,0.32,0.02,0.12,0.9900000000000001,0.09000000000000001,0.78,NG
frame_E_6858.jpg,0.08,0.0,0.03,0.68,0.14,0.04,0.02,0.9900000000000001,0.7200000000000001,0.25,PS
frame_E_6860.jpg,0.28,0.0,0.06,0.0,0.35,0.0,0.3,0.99,0.0,0.69,NG
frame_E_6879.jpg,0.06,0.0,0.01,0.02,0.03,0.0,0.88,1.0,0.02,0.09999999999999999,NT
frame_E_6881.jpg,0.21,0.01,0.08,0.05,0.31,0.0,0.35,1.0099999999999998,0.05,0.61,NG
frame_E_6886.jpg,0.05,0.01,0.19,0.06,0.18,0.26,0.26,1.01,0.32,0.43,PS
frame_E_6905.jpg,0.41,0.02,0.03,0.27,0.07,0.01,0.19,1.0,0.28,0.53,PS
frame_E_6916.jpg,0.03,0.0,0.05,0.02,0.04,0.16,0.71,1.01,0.18,0.12,NT
frame_E_6999.jpg,0.05,0.0,0.1,0.02,0.05,0.05,0.72,0.99,0.07,0.2,NT
frame_E_7051.jpg,0.17,0.0,0.05,0.06,0.16,0.02,0.54,1.0,0.08,0.38,NT
frame_E_7055.jpg,0.09,0.0,0.14,0.11,0.15,0.07,0.43,0.99,0.18,0.38,NT
frame_E_7087.jpg,0.18,0.0,0.11,0.2,0.41,0.06,0.04,1.0,0.26,0.7,PS
frame_E_7145.jpg,0.1,0.0,0.07,0.12,0.14,0.0,0.57,1.0,0.12,0.31000000000000005,NT
frame_E_7149.jpg,0.06,0.0,0.25,0.07,0.14,0.03,0.45,1.0,0.1,0.45,NT
frame_E_7175.jpg,0.51,0.01,0.02,0.03,0.28,0.0,0.16,1.01,0.03,0.8200000000000001,NG
frame_E_7176.jpg,0.09,0.0,0.09,0.0,0.12,0.0,0.7,1.0,0.0,0.3,NT
frame_E_7179.jpg,0.15,0.0,0.04,0.47,0.1,0.2,0.02,0.98,0.6699999999999999,0.29000000000000004,PS
frame_E_7180.jpg,0.44,0.0,0.09,0.0,0.04,0.29,0.14,1.0,0.29,0.5700000000000001,PS
frame_E_7182.jpg,0.32,0.0,0.08,0.01,0.02,0.44,0.13,1.0,0.45,0.42000000000000004,PS
frame_E_7194.jpg,0.56,0.0,0.07,0.0,0.37,0.0,0.0,1.0,0.0,1.0,NG
frame_E_7205.jpg,0.26,0.0,0.06,0.0,0.06,0.01,0.62,1.01,0.01,0.38,NT
frame_E_7223.jpg,0.39,0.02,0.11,0.16,0.16,0.0,0.17,1.01,0.16,0.68,NG
frame_E_7229.jpg,0.15,0.01,0.16,0.01,0.63,0.01,0.04,1.01,0.02,0.95,NG
frame_E_7235.jpg,0.3,0.03,0.26,0.01,0.18,0.04,0.19,1.01,0.05,0.77,NG
frame_E_7248.jpg,0.23,0.01,0.13,0.0,0.3,0.0,0.33,1.0,0.0,0.6699999999999999,NG
frame_E_7278.jpg,0.12,0.0,0.1,0.09,0.03,0.55,0.12,1.01,0.64,0.25,PS
frame_E_7311.jpg,0.09,0.0,0.02,0.02,0.16,0.01,0.7,1.0,0.03,0.27,NT
frame_E_7313.jpg,0.08,0.0,0.13,0.1,0.32,0.16,0.21,1.0000000000000002,0.26,0.53,PS
frame_E_7326.jpg,0.07,0.0,0.1,0.27,0.02,0.48,0.07,1.01,0.75,0.19,PS
frame_E_7332.jpg,0.11,0.0,0.11,0.0,0.21,0.36,0.21,1.0,0.36,0.43,PS
frame_E_7340.jpg,0.0,0.0,0.0,0.0,0.0,0.0,0.0,0.0,0.0,0.0,NO
frame_E_7353.jpg,0.0,0.0,0.0,0.0,0.0,0.0,0.0,0.0,0.0,0.0,NO
frame_E_7365.jpg,0.54,0.02,0.18,0.04,0.15,0.06,0.01,1.0,0.1,0.89,NG
frame_E_7427.jpg,0.44,0.0,0.2,0.01,0.06,0.05,0.25,1.01,0.060000000000000005,0.7,NG
frame_E_7436.jpg,0.1,0.0,0.01,0.26,0.16,0.0,0.47,1.0,0.26,0.27,PS
frame_E_7499.jpg,0.16,0.0,0.19,0.01,0.18,0.01,0.45,1.0,0.02,0.53,NT
frame_E_7504.jpg,0.1,0.0,0.06,0.0,0.17,0.0,0.66,0.99,0.0,0.33,NT
frame_E_7534.jpg,0.04,0.0,0.02,0.02,0.05,0.0,0.87,1.0,0.02,0.11,NT
frame_E_7541.jpg,0.09,0.01,0.06,0.01,0.1,0.01,0.73,1.01,0.02,0.26,NT
frame_E_7561.jpg,0.07,0.0,0.23,0.0,0.27,0.0,0.43,1.0,0.0,0.5700000000000001,NT
frame_E_7578.jpg,0.0,0.0,0.0,0.0,0.0,0.0,0.0,0.0,0.0,0.0,NO
frame_E_7673.jpg,0.01,0.0,0.01,0.09,0.08,0.01,0.8,1.0,0.09999999999999999,0.1,NT
frame_E_7674.jpg,0.15,0.0,0.04,0.49,0.07,0.01,0.25,1.01,0.5,0.26,PS
frame_E_7722.jpg,0.2,0.0,0.33,0.0,0.12,0.31,0.04,1.0,0.31,0.65,PS
frame_E_7737.jpg,0.59,0.0,0.11,0.0,0.12,0.04,0.14,1.0,0.04,0.82,NG
frame_E_7752.jpg,0.9,0.0,0.04,0.0,0.05,0.0,0.0,0.9900000000000001,0.0,0.9900000000000001,NG
frame_E_7762.jpg,0.2,0.0,0.1,0.11,0.17,0.03,0.4,1.0100000000000002,0.14,0.4700000000000001,
frame_E_7772.jpg,0.08,0.0,0.04,0.01,0.3,0.0,0.57,1.0,0.01,0.42,NT
frame_E_7789.jpg,0.11,0.0,0.02,0.01,0.24,0.0,0.62,1.0,0.01,0.37,NT
frame_E_7813.jpg,0.08,0.0,0.73,0.0,0.18,0.0,0.0,0.99,0.0,0.99,NG
frame_E_7816.jpg,0.18,0.0,0.06,0.68,0.05,0.0,0.03,1.0,0.68,0.29,PS
frame_E_7831.jpg,0.09,0.0,0.09,0.0,0.8,0.0,0.01,0.99,0.0,0.98,NG
frame_E_7832.jpg,0.08,0.0,0.05,0.05,0.48,0.0,0.33,0.99,0.05,0.61,NG
frame_E_7843.jpg,0.05,0.0,0.09,0.65,0.06,0.03,0.11,0.9900000000000001,0.68,0.2,PS
frame_E_7856.jpg,0.0,0.0,0.0,0.0,0.0,0.0,0.0,0.0,0.0,0.0,NO
frame_E_7863.jpg,0.38,0.0,0.26,0.0,0.34,0.0,0.01,0.99,0.0,0.98,NG
frame_E_7872.jpg,0.47,0.0,0.03,0.07,0.11,0.03,0.29,1.0,0.1,0.61,NG
frame_E_7883.jpg,0.52,0.03,0.18,0.0,0.27,0.0,0.0,1.0,0.0,1.0,NG
frame_E_7914.jpg,0.03,0.0,0.01,0.0,0.01,0.0,0.95,1.0,0.0,0.05,NT
frame_E_7924.jpg,0.08,0.0,0.44,0.0,0.44,0.02,0.01,0.99,0.02,0.96,NG
frame_E_7940.jpg,0.03,0.01,0.02,0.08,0.31,0.0,0.55,1.0,0.08,0.37,NT
frame_E_7998.jpg,0.17,0.0,0.14,0.01,0.11,0.14,0.43,1.0,0.15000000000000002,0.42000000000000004,NT
frame_E_8025.jpg,0.09,0.0,0.12,0.01,0.45,0.0,0.33,1.0,0.01,0.66,NG
frame_E_8041.jpg,0.07,0.0,0.42,0.13,0.35,0.02,0.02,1.01,0.15,0.84,NG
frame_E_8063.jpg,0.68,0.0,0.14,0.0,0.18,0.0,0.0,1.0,0.0,1.0,NG
frame_E_8064.jpg,0.13,0.0,0.22,0.0,0.27,0.03,0.34,0.99,0.03,0.62,NG
frame_E_8086.jpg,0.54,0.0,0.08,0.0,0.37,0.0,0.01,1.0,0.0,0.99,NG
frame_E_8096.jpg,0.4,0.04,0.1,0.0,0.45,0.0,0.0,0.99,0.0,0.99,NG
frame_E_8114.jpg,0.13,0.0,0.02,0.0,0.13,0.0,0.72,1.0,0.0,0.28,NT
frame_E_8120.jpg,0.01,0.0,0.01,0.96,0.02,0.0,0.01,1.01,0.96,0.04,PS
frame_E_8124.jpg,0.09,0.0,0.15,0.0,0.13,0.02,0.6,0.99,0.02,0.37,NT
frame_E_8125.jpg,0.03,0.0,0.01,0.01,0.07,0.0,0.88,1.0,0.01,0.11000000000000001,NT
frame_E_8143.jpg,0.08,0.0,0.04,0.0,0.07,0.02,0.79,1.0,0.02,0.19,NT
frame_E_8165.jpg,0.09,0.0,0.05,0.01,0.13,0.01,0.71,1.0,0.02,0.27,NT
frame_E_8180.jpg,0.11,0.0,0.02,0.0,0.11,0.0,0.76,1.0,0.0,0.24,NT
frame_E_8211.jpg,0.14,0.0,0.3,0.02,0.4,0.03,0.12,1.0100000000000002,0.05,0.8400000000000001,NG
frame_E_8220.jpg,0.04,0.0,0.75,0.0,0.03,0.05,0.12,0.9900000000000001,0.05,0.8200000000000001,NG
frame_E_8224.jpg,0.05,0.0,0.14,0.04,0.53,0.06,0.19,1.01,0.1,0.72,NG
frame_E_8225.jpg,0.71,0.01,0.06,0.0,0.21,0.0,0.0,0.99,0.0,0.99,NG
frame_E_8230.jpg,0.07,0.0,0.04,0.0,0.26,0.0,0.62,0.99,0.0,0.37,NT
frame_E_8233.jpg,0.15,0.0,0.59,0.01,0.21,0.03,0.02,1.01,0.04,0.95,NG
frame_E_8267.jpg,0.16,0.0,0.11,0.08,0.63,0.02,0.01,1.01,0.1,0.9,NG
frame_E_8288.jpg,0.17,0.01,0.39,0.03,0.26,0.09,0.06,1.01,0.12,0.8300000000000001,NG
frame_E_8306.jpg,0.33,0.01,0.08,0.14,0.19,0.0,0.25,1.0,0.14,0.6100000000000001,NG
frame_E_8313.jpg,0.06,0.0,0.07,0.0,0.16,0.0,0.71,1.0,0.0,0.29000000000000004,NT
frame_E_8319.jpg,0.25,0.0,0.04,0.0,0.2,0.0,0.5,0.99,0.0,0.49,NT
frame_E_8325.jpg,0.17,0.51,0.05,0.0,0.26,0.01,0.01,1.01,0.01,0.9900000000000001,NG
frame_E_8330.jpg,0.11,0.0,0.05,0.05,0.78,0.01,0.0,1.0,0.060000000000000005,0.9400000000000001,NG
frame_E_8338.jpg,0.0,0.0,0.0,0.0,0.0,0.0,0.0,0.0,0.0,0.0,NO
frame_E_8341.jpg,0.41,0.06,0.04,0.04,0.42,0.0,0.03,1.0,0.04,0.9299999999999999,NG
frame_E_8378.jpg,0.17,0.0,0.03,0.04,0.05,0.0,0.71,1.0,0.04,0.25,NT
frame_E_8385.jpg,0.15,0.0,0.51,0.0,0.08,0.11,0.14,0.99,0.11,0.74,NG
frame_E_8387.jpg,0.27,0.0,0.09,0.6,0.03,0.0,0.01,1.0,0.6,0.39,PS
frame_E_8390.jpg,0.13,0.0,0.0,0.46,0.09,0.0,0.31,0.99,0.46,0.22,PS
frame_E_8423.jpg,0.03,0.0,0.01,0.0,0.15,0.01,0.78,0.98,0.01,0.19,NT
frame_E_8425.jpg,0.14,0.0,0.08,0.32,0.19,0.01,0.27,1.01,0.33,0.41000000000000003,PS
frame_E_8429.jpg,0.37,0.0,0.07,0.08,0.26,0.01,0.21,1.0,0.09,0.7,NG
frame_E_8432.jpg,0.06,0.0,0.08,0.28,0.11,0.0,0.47,1.0,0.28,0.25,PS
frame_E_8436.jpg,0.97,0.0,0.02,0.0,0.01,0.0,0.0,1.0,0.0,1.0,NG
frame_E_8437.jpg,0.23,0.1,0.2,0.11,0.24,0.03,0.08,0.99,0.14,0.77,NG
frame_E_8469.jpg,0.28,0.03,0.05,0.01,0.35,0.02,0.26,1.0,0.03,0.71,NG
frame_E_8505.jpg,0.17,0.0,0.13,0.06,0.34,0.0,0.3,1.0,0.06,0.6400000000000001,NG
frame_E_8545.jpg,0.3,0.0,0.25,0.0,0.44,0.0,0.01,1.0,0.0,0.99,NG
frame_E_8591.jpg,0.05,0.0,0.79,0.0,0.06,0.08,0.03,1.01,0.08,0.9000000000000001,NG
frame_E_8668.jpg,0.08,0.0,0.09,0.01,0.6,0.05,0.15,0.9800000000000001,0.060000000000000005,0.77,NG
frame_E_8671.jpg,0.0,0.0,0.0,0.0,0.0,0.0,0.0,0.0,0.0,0.0,NO
frame_E_8673.jpg,0.67,0.0,0.04,0.0,0.28,0.0,0.01,1.0,0.0,0.9900000000000001,NG
frame_E_8709.jpg,0.2,0.0,0.11,0.12,0.13,0.34,0.11,1.0100000000000002,0.46,0.44,PS
frame_E_8735.jpg,0.66,0.0,0.01,0.01,0.14,0.01,0.18,1.01,0.02,0.81,NG
frame_E_8738.jpg,0.14,0.0,0.28,0.01,0.44,0.04,0.09,1.0000000000000002,0.05,0.8600000000000001,NG
frame_E_8793.jpg,0.66,0.0,0.06,0.06,0.14,0.05,0.02,0.9900000000000001,0.11,0.86,NG
frame_E_8828.jpg,0.0,0.0,0.0,0.0,0.0,0.0,0.0,0.0,0.0,0.0,NO
frame_E_8853.jpg,0.0,0.0,0.0,0.0,0.0,0.0,0.0,0.0,0.0,0.0,NO
frame_E_8855.jpg,0.06,0.0,0.03,0.0,0.04,0.0,0.87,1.0,0.0,0.13,NT
frame_E_8857.jpg,0.31,0.0,0.03,0.01,0.07,0.0,0.58,1.0,0.01,0.41,NT
frame_E_8861.jpg,0.01,0.0,0.06,0.0,0.08,0.0,0.84,0.99,0.0,0.15,NT
frame_E_8862.jpg,0.05,0.0,0.14,0.0,0.28,0.0,0.52,0.99,0.0,0.47000000000000003,NT
frame_E_8882.jpg,0.18,0.0,0.55,0.0,0.09,0.1,0.09,1.01,0.1,0.82,NG
frame_E_8893.jpg,0.04,0.0,0.16,0.0,0.51,0.0,0.29,1.0,0.0,0.71,NG
frame_E_8900.jpg,0.36,0.0,0.01,0.0,0.37,0.0,0.25,0.99,0.0,0.74,NG
frame_E_8920.jpg,0.0,0.0,0.0,0.0,0.0,0.0,0.0,0.0,0.0,0.0,NO
frame_E_8921.jpg,0.49,0.0,0.02,0.03,0.31,0.01,0.14,1.0,0.04,0.8200000000000001,NG
frame_E_8934.jpg,0.08,0.0,0.07,0.62,0.02,0.01,0.2,1.0,0.63,0.17,PS
frame_E_8941.jpg,0.27,0.19,0.14,0.0,0.4,0.0,0.0,1.0,0.0,1.0,NG
frame_E_8959.jpg,0.05,0.0,0.15,0.03,0.2,0.22,0.35,1.0,0.25,0.4,PS
frame_E_8960.jpg,0.23,0.4,0.11,0.0,0.26,0.0,0.01,1.01,0.0,1.0,NG
frame_E_8974.jpg,0.44,0.0,0.06,0.0,0.15,0.0,0.35,1.0,0.0,0.65,NG
frame_E_8982.jpg,0.04,0.0,0.13,0.14,0.18,0.06,0.45,1.0,0.2,0.35,NT
frame_E_8985.jpg,0.15,0.0,0.01,0.0,0.08,0.0,0.76,1.0,0.0,0.24,NT
frame_E_8997.jpg,0.08,0.0,0.0,0.04,0.21,0.0,0.66,0.99,0.04,0.29,NT
frame_E_9020.jpg,0.11,0.06,0.26,0.07,0.2,0.01,0.29,1.0,0.08,0.63,NG
frame_E_9044.jpg,0.12,0.0,0.08,0.0,0.12,0.18,0.49,0.99,0.18,0.32,NT
frame_E_9056.jpg,0.0,0.0,0.0,0.0,0.0,0.0,0.0,0.0,0.0,0.0,NO
frame_E_9085.jpg,0.0,0.0,0.0,1.0,0.0,0.0,0.0,1.0,1.0,0.0,PS
frame_E_9106.jpg,0.33,0.0,0.04,0.01,0.1,0.0,0.52,1.0,0.01,0.47,NT
frame_E_9111.jpg,0.42,0.0,0.02,0.36,0.11,0.0,0.08,0.99,0.36,0.55,PS
frame_E_9112.jpg,0.34,0.0,0.04,0.0,0.2,0.01,0.41,1.0,0.01,0.5800000000000001,NT
frame_E_9146.jpg,0.1,0.05,0.46,0.02,0.17,0.02,0.17,0.9900000000000002,0.04,0.7800000000000001,NG
frame_E_9152.jpg,0.08,0.01,0.04,0.0,0.2,0.0,0.66,0.99,0.0,0.33,NT
frame_E_9155.jpg,0.19,0.0,0.01,0.01,0.12,0.02,0.65,1.0,0.03,0.32,NT
frame_E_9182.jpg,0.84,0.0,0.02,0.0,0.11,0.0,0.03,1.0,0.0,0.97,NG
frame_E_9187.jpg,0.05,0.0,0.13,0.67,0.03,0.01,0.12,1.0100000000000002,0.68,0.21,PS
frame_E_9198.jpg,0.16,0.0,0.71,0.0,0.05,0.05,0.02,0.9900000000000001,0.05,0.92,NG
frame_E_9227.jpg,0.02,0.0,0.01,0.0,0.02,0.0,0.93,0.9800000000000001,0.0,0.05,NT
frame_E_9241.jpg,0.15,0.0,0.07,0.0,0.78,0.0,0.01,1.01,0.0,1.0,NG
frame_E_9245.jpg,0.4,0.07,0.4,0.02,0.09,0.01,0.01,1.0,0.03,0.9600000000000001,NG
frame_E_9249.jpg,0.17,0.0,0.13,0.09,0.29,0.0,0.32,1.0,0.09,0.5900000000000001,NG
frame_E_9257.jpg,0.0,0.0,0.0,0.0,0.0,0.0,0.0,0.0,0.0,0.0,NO
frame_E_9280.jpg,0.44,0.0,0.03,0.0,0.36,0.05,0.13,1.01,0.05,0.83,NG
frame_E_9286.jpg,0.15,0.0,0.07,0.0,0.48,0.07,0.22,0.99,0.07,0.7,NG
frame_E_9319.jpg,0.0,0.0,0.0,0.0,0.0,0.0,0.0,0.0,0.0,0.0,NO
frame_E_9363.jpg,0.06,0.0,0.2,0.0,0.28,0.01,0.45,1.0,0.01,0.54,NT
frame_E_9380.jpg,0.06,0.0,0.16,0.01,0.14,0.02,0.6,0.99,0.03,0.36,NT
frame_E_9383.jpg,0.27,0.0,0.16,0.31,0.09,0.01,0.16,1.0,0.32,0.52,PS
frame_E_9435.jpg,0.05,0.01,0.19,0.0,0.75,0.0,0.0,1.0,0.0,1.0,NG
frame_E_9448.jpg,0.13,0.03,0.04,0.62,0.13,0.04,0.02,1.01,0.66,0.33,PS
frame_E_9472.jpg,0.55,0.0,0.2,0.02,0.16,0.04,0.04,1.01,0.06,0.91,NG
frame_E_9479.jpg,0.04,0.0,0.11,0.0,0.17,0.0,0.68,1.0,0.0,0.32,NT
frame_E_9504.jpg,0.87,0.0,0.06,0.02,0.05,0.01,0.0,1.01,0.03,0.98,NG
frame_E_9521.jpg,0.19,0.0,0.11,0.22,0.09,0.03,0.36,1.0,0.25,0.39,PS
frame_E_9549.jpg,0.15,0.0,0.1,0.08,0.16,0.03,0.48,1.0,0.11,0.41000000000000003,NT
frame_E_9556.jpg,0.24,0.0,0.17,0.19,0.1,0.14,0.15,0.9900000000000001,0.33,0.51,PS
frame_E_9575.jpg,0.14,0.0,0.1,0.02,0.07,0.01,0.67,1.01,0.03,0.31000000000000005,NT
frame_E_9624.jpg,0.26,0.0,0.24,0.09,0.18,0.07,0.15,0.9900000000000001,0.16,0.6799999999999999,NG
frame_E_9671.jpg,0.05,0.0,0.26,0.01,0.28,0.03,0.37,1.0,0.04,0.5900000000000001,NG
frame_E_9683.jpg,0.18,0.0,0.02,0.06,0.03,0.01,0.7,1.0,0.06999999999999999,0.22999999999999998,NT
frame_E_9728.jpg,0.41,0.0,0.14,0.0,0.16,0.01,0.28,1.0,0.01,0.7100000000000001,NG
frame_E_9762.jpg,0.26,0.0,0.15,0.34,0.08,0.08,0.1,1.01,0.42000000000000004,0.49000000000000005,PS
frame_E_9785.jpg,0.1,0.0,0.29,0.0,0.48,0.04,0.08,0.99,0.04,0.87,NG
frame_E_9816.jpg,0.07,0.0,0.08,0.23,0.21,0.1,0.31,1.0,0.33,0.36,PS
frame_E_9820.jpg,0.14,0.01,0.18,0.0,0.58,0.02,0.07,1.0,0.02,0.9099999999999999,NG
frame_E_9876.jpg,0.3,0.0,0.11,0.04,0.06,0.07,0.42,1.0,0.11000000000000001,0.47,NT
frame_E_9890.jpg,0.08,0.03,0.21,0.02,0.44,0.05,0.16,0.9900000000000001,0.07,0.76,NG
frame_E_9899.jpg,0.34,0.0,0.12,0.0,0.12,0.08,0.33,0.99,0.08,0.5800000000000001,NG
frame_E_9911.jpg,0.08,0.0,0.01,0.0,0.54,0.01,0.36,1.0,0.01,0.63,NG
frame_E_9926.jpg,0.0,0.0,0.0,0.0,0.0,0.0,0.0,0.0,0.0,0.0,NO
frame_E_9937.jpg,0.3,0.0,0.19,0.0,0.18,0.11,0.21,0.9899999999999999,0.11,0.6699999999999999,NG
frame_E_9974.jpg,0.03,0.0,0.0,0.0,0.05,0.0,0.92,1.0,0.0,0.08,NT
frame_E_9986.jpg,0.04,0.0,0.08,0.0,0.23,0.03,0.61,0.99,0.03,0.35,NT
frame_E_9990.jpg,0.26,0.0,0.05,0.0,0.05,0.1,0.54,1.0,0.1,0.36,NT
frame_E_9996.jpg,0.82,0.07,0.01,0.0,0.08,0.0,0.02,0.9999999999999999,0.0,0.9799999999999999,NG
